OBJECTID,NEIGHBORHOOD_ID,NAME,SUM_POPULATION_2010,SUM_HISPANIC_2010,SUM_WHITE_2010,SUM_BLACK_2010,SUM_NATIVE_AM_2010,SUM_ASIAN_2010,SUM_HAW_PACIS_2010,SUM_OTHER_2010,SUM_TWO_OR_MORE_2010,SUM_Pct_Hispanic,SUM_Pct_White,SUM_Pct_Black,SUM_Pct_AmerInd,SUM_Pct_Asian,SUM_Pct_Haw_PacIs,SUM_Pct_Other_Race,SUM_Pct_Two_or_More_Races,SUM_HOUSINGUNITS_2010,SUM_OCCUPIEDUNITS_2010,SUM_VACANTUNITS_2010,SUM_Male,SUM_Female,SUM_Age_Less_5,SUM_Age_5_to_9,SUM_Age_10_to_14,SUM_Age_15_to_17,SUM_Age_18_and_19,SUM_Age_20,SUM_Age_21,SUM_Age_22_to_24,SUM_Age_25_to_29,SUM_Age_30_to_34,SUM_Age_35_to_39,SUM_Age_40_to_44,SUM_Age_45_to_49,SUM_Age_50_to_54,SUM_Age_55_to_59,SUM_Age_60_and_61,SUM_Age_62_to_64,SUM_Age_65_and_66,SUM_Age_67_to_69,SUM_Age_70_to_74,SUM_Age_75_to_79,SUM_Age_80_to_84,SUM_Age_85_Plus,SUM_Age_0_to_9,SUM_Age_10_to_19,SUM_Age_20_to_29,SUM_Age_30_to_39,SUM_Age_40_to_49,SUM_Age_50_to_59,SUM_Age_60_to_69,SUM_Age_70_to_79,SUM_Age_80_Plus,SUM_Age_Less_18,SUM_Age_65_Plus,SUM_Pct_Less_18,SUM_Pct_65_Plus,SUM_Num_Households,SUM_One_Person_HH,SUM_One_Person_HH_Male,SUM_One_Person_HH_Female,SUM_Two_or_More_Person_HH,SUM_Family_Hhld,SUM_Husb_Wife_Fam,SUM_Husb_Wife_No_Child,SUM_Husb_Wife_w_Chldr,SUM_Other_Family,SUM_Male_Hhldr_No_Wife,SUM_Male_Hhldr_w_Chldr,SUM_Male_Hhldr_No_Childr,SUM_Female_Hhldr_No_Husb,SUM_Female_Hhldr_w_Childr,SUM_Female_Hhldr_No_Childr,SUM_Non_Family_HH,SUM_Non_Family_Male_Hhldr,SUM_Non_Family_Female_Hhldr,SUM_HH_w_NonRelatives,SUM_HH_No_NonRelatives,SUM_Families,SUM_Pop_Group_Qrtrs,SUM_GQ_Institutionalized,SUM_GQ_Correctional_Fac,SUM_GQ_Juvenile_Fac,SUM_GQ_Nursing_Fac,SUM_GQ_Other_Inst_Fac,SUM_GQ_NonInstitutional,SUM_GQ_CollegeHousing,SUM_GQ_MilitaryQuarters,SUM_GQ_Other_NonInst,SUM_Housing_Units,SUM_Occupied_HU,SUM_Vacant_HU,SUM_Owned_w_Mortg_Loan,SUM_Owned_Free_Clear,SUM_Rented,SUM_Vacant_For_Rent,SUM_Vacant_Rented_Not_Occ,SUM_Vacant_For_Sale,SUM_Vacant_Sold_Not_Occ,SUM_Vacant_Seasonal,SUM_Vacant_Migrant_Wrkr,SUM_Vacant_Other,SUM_HU_Owned,SUM_Owned_Age_15_to_24,SUM_Owned_Age_25_to_34,SUM_Owned_Age_35_to_44,SUM_Owned_Age_45_to_54,SUM_Owned_Age_55_to_59,SUM_Owned_Age_60_to_64,SUM_Owned_Age_65_to_74,SUM_Owned_Age_75_to_84,SUM_Owned_Age_85_Plus,SUM_HU_Rented,SUM_Rented_Age_15_to_24,SUM_Rented_Age_25_to_34,SUM_Rented_Age_35_to_44,SUM_Rented_Age_45_to_54,SUM_Rented_Age_55_to_59,SUM_Rented_Age_60_to_64,SUM_Rented_Age_65_to_74,SUM_Rented_Age_75_to_84,SUM_Rented_Age_85_Plus,Shape__Area,Shape__Length
1,74,West Colfax,9740,6025,2875,385,138,154,7,26,130,61.86,29.52,3.95,1.42,1.58,0.07,0.27,1.33,4049,3703,346,4839,4901,993,774,640,349,271,173,165,550,939,837,713,534,535,532,432,174,191,122,166,226,180,134,110,1767,1260,1827,1550,1069,964,653,406,244,2756,938,28.3,9.63,3703,1325,710,615,2378,1971,1006,550,456,965,248,106,142,717,451,266,407,259,148,700,3003,1971,210,0,0,0,0,0,210,0,0,210,4049,3703,346,775,182,2746,207,8,46,12,6,0,67,957,15,180,192,189,96,80,99,79,27,2746,293,652,501,436,160,166,297,176,65,27983655.9526367,24977.0177002952
2,75,West Highland,8540,1637,6472,94,55,145,2,19,116,19.17,75.78,1.1,0.64,1.7,0.02,0.22,1.36,4512,4256,256,4144,4396,554,370,250,130,83,36,51,274,988,1123,1004,686,521,564,559,198,224,107,165,210,166,106,171,924,463,1349,2127,1207,1123,694,376,277,1304,925,15.27,10.83,4256,1764,798,966,2492,1853,1449,534,915,404,131,64,67,273,131,142,639,348,291,732,3524,1853,220,80,0,37,43,0,140,0,0,140,4512,4256,256,2228,437,1591,73,13,57,9,18,0,86,2665,16,527,745,490,273,198,226,114,76,1591,101,607,286,205,88,80,101,81,42,31298250.4526367,23646.8558362044
3,58,Southmoor Park,3826,269,3170,88,6,218,1,2,72,7.03,82.85,2.3,0.16,5.7,0.03,0.05,1.88,2686,2135,551,1885,1941,191,147,104,57,42,37,28,347,645,353,249,237,219,246,179,89,93,60,65,102,82,119,135,338,203,1057,602,456,425,307,184,254,499,563,13.04,14.72,2135,1041,477,564,1094,796,624,207,417,172,50,18,32,122,49,73,298,162,136,339,1796,796,0,0,0,0,0,0,0,0,0,0,2686,2135,551,544,243,1348,476,0,24,2,22,0,27,787,5,56,127,147,72,85,116,115,64,1348,239,576,177,153,47,39,26,37,54,25981152.909668,35113.1245443902
4,38,Indian Creek,3096,295,2258,328,11,109,3,5,87,9.53,72.93,10.59,0.36,3.52,0.1,0.16,2.81,1874,1785,89,1314,1782,151,108,97,51,26,17,16,94,314,323,247,227,222,270,261,122,137,70,104,113,58,42,26,259,174,441,570,449,531,433,171,68,407,413,13.15,13.34,1785,900,280,620,885,684,455,135,320,229,57,28,29,172,91,81,201,90,111,251,1534,684,0,0,0,0,0,0,0,0,0,0,1874,1785,89,1117,210,458,18,3,33,4,11,0,20,1327,11,214,246,286,147,169,183,58,13,458,34,158,91,79,30,26,30,9,1,13589573.565918,22100.4225572932
5,24,East Colfax,10191,2824,3299,2473,77,1154,8,11,345,27.71,32.37,24.27,0.76,11.32,0.08,0.11,3.39,4618,4273,345,5147,5044,899,709,638,349,283,188,155,623,1099,1049,832,669,678,613,481,176,191,101,118,121,106,56,57,1608,1270,2065,1881,1347,1094,586,227,113,2595,559,25.46,5.49,4273,1596,878,718,2677,2106,1200,633,567,906,250,109,141,656,385,271,571,320,251,819,3454,2106,0,0,0,0,0,0,0,0,0,0,4618,4273,345,1222,232,2819,152,3,68,7,5,0,110,1454,16,274,312,306,162,145,134,85,20,2819,369,847,608,546,176,124,101,36,12,29808302.6142578,23790.852052129
6,53,Rosedale,2553,275,2144,39,11,30,0,4,50,10.77,83.98,1.53,0.43,1.18,0,0.16,1.96,1380,1293,87,1243,1310,172,101,81,35,28,19,29,107,363,284,227,183,142,153,160,52,70,31,31,36,39,67,143,273,144,518,511,325,313,184,75,210,389,347,15.24,13.59,1293,539,218,321,754,556,408,154,254,148,57,30,27,91,38,53,198,105,93,240,1053,556,29,0,0,0,0,0,29,0,0,29,1380,1293,87,533,114,646,38,5,10,0,4,0,30,647,4,136,147,111,77,61,53,37,21,646,51,184,108,72,32,24,16,53,106,15714799.2617188,15839.8340548886
7,14,City Park,2907,304,2182,258,12,69,2,4,76,10.46,75.06,8.88,0.41,2.37,0.07,0.14,2.61,1851,1645,206,1410,1497,137,84,64,31,36,20,25,191,506,429,276,195,144,144,139,76,93,35,57,65,52,61,47,221,131,742,705,339,283,261,117,108,316,317,10.87,10.9,1645,888,426,462,757,462,316,106,210,146,33,17,16,113,71,42,295,158,137,328,1317,462,145,145,0,0,145,0,0,0,0,0,1851,1645,206,488,76,1081,56,7,108,4,21,0,10,564,4,142,149,92,46,61,50,15,5,1081,121,471,174,116,35,58,47,43,16,21423594.0249023,18660.4167228941
8,42,Lowry Field,8067,800,5957,794,23,271,5,14,203,9.92,73.84,9.84,0.29,3.36,0.06,0.17,2.52,4113,3829,284,3678,4389,702,683,424,191,92,58,63,335,883,759,810,684,487,403,414,158,207,81,97,146,95,106,189,1385,707,1339,1569,1171,817,543,241,295,2000,714,24.79,8.85,3829,1603,570,1033,2226,1844,1401,751,650,443,80,55,25,363,246,117,382,188,194,453,3376,1844,23,23,0,23,0,0,0,0,0,0,4113,3829,284,1640,242,1947,130,5,94,7,30,0,18,1882,15,332,582,346,185,174,147,63,38,1947,221,670,349,239,99,74,81,83,131,71897804.0205078,41607.2245861301
9,35,Harvey Park South,8393,3925,3641,171,54,464,11,17,110,46.77,43.38,2.04,0.64,5.53,0.13,0.2,1.31,3255,3102,153,4090,4303,635,568,531,331,240,96,99,372,682,609,514,481,544,599,502,166,219,128,153,252,273,221,178,1203,1102,1249,1123,1025,1101,666,525,399,2065,1205,24.6,14.36,3102,851,343,508,2251,2062,1398,563,835,664,206,92,114,458,249,209,189,103,86,369,2733,2062,232,195,98,0,97,0,37,37,0,0,3255,3102,153,1318,607,1177,86,1,33,6,4,0,23,1925,11,209,282,420,214,159,219,299,112,1177,131,344,216,197,75,60,86,48,20,38135167.6474609,26827.0035322748
10,28,Gateway / Green Valley Ranch,29201,10818,7003,8305,108,1655,110,65,1137,37.05,23.98,28.44,0.37,5.67,0.38,0.22,3.89,9900,9427,473,14160,15041,3071,3005,2620,1378,681,315,310,1110,2527,2835,2730,2218,1860,1501,1270,399,427,234,243,243,115,70,39,6076,4679,4262,5565,4078,2771,1303,358,109,10074,944,34.5,3.23,9427,1819,908,911,7608,7056,4907,3051,1856,2149,589,353,236,1560,1102,458,552,322,230,1215,8212,7056,0,0,0,0,0,0,0,0,0,0,9900,9427,473,6471,179,2777,118,7,180,12,18,0,138,6650,169,1602,2071,1513,573,363,300,55,4,2777,321,946,706,462,164,100,58,18,2,205246146.420898,66249.9635173919
11,5,Barnum West,5376,4016,1151,40,53,81,2,5,28,74.7,21.41,0.74,0.99,1.51,0.04,0.09,0.52,1811,1704,107,2754,2622,483,437,406,253,170,83,98,253,419,357,354,372,324,316,266,76,116,69,110,156,115,88,55,920,829,853,711,696,582,371,271,143,1579,593,29.37,11.03,1704,381,180,201,1323,1207,776,391,385,431,154,68,86,277,126,151,116,67,49,260,1444,1207,0,0,0,0,0,0,0,0,0,0,1811,1704,107,895,262,547,16,2,32,8,4,0,45,1157,27,158,203,256,126,86,160,107,34,547,43,130,136,82,30,29,51,33,13,20179221.5791016,18309.0740322238
12,46,Montclair,5456,461,4245,480,27,107,5,9,122,8.45,77.8,8.8,0.49,1.96,0.09,0.16,2.24,2871,2706,165,2626,2830,370,271,214,128,113,54,59,152,420,507,541,479,412,374,452,175,196,92,105,120,69,69,84,641,455,685,1048,891,826,568,189,153,983,539,18.02,9.88,2706,1061,443,618,1645,1282,972,415,557,310,76,42,34,234,142,92,363,205,158,440,2266,1282,2,0,0,0,0,0,2,0,0,2,2871,2706,165,1509,351,846,43,3,61,5,16,0,37,1860,9,267,426,389,229,218,181,85,56,846,122,213,192,129,68,53,43,17,9,28225487.2880859,21466.5426414867
13,51,Platt Park,5393,329,4778,55,12,98,3,2,116,6.1,88.6,1.02,0.22,1.82,0.06,0.04,2.15,2840,2677,163,2603,2790,400,198,156,96,50,30,27,222,710,671,590,447,392,365,369,149,181,64,67,71,40,48,50,598,302,989,1261,839,734,461,111,98,850,340,15.76,6.3,2677,967,431,536,1710,1234,1000,407,593,234,65,28,37,169,80,89,476,261,215,528,2149,1234,3,0,0,0,0,0,3,0,0,3,2840,2677,163,1420,314,943,30,9,36,19,15,0,54,1734,17,294,466,370,202,175,118,59,33,943,87,430,175,115,49,40,34,8,5,22814495.8129883,19693.9448820833
14,59,Speer,10954,1222,8971,239,51,242,10,17,202,11.16,81.9,2.18,0.47,2.21,0.09,0.16,1.84,7965,7304,661,5607,5347,333,188,121,65,66,81,100,876,2502,1736,1106,699,562,539,550,219,295,136,152,164,108,131,225,521,252,3559,2842,1261,1089,802,272,356,707,916,6.45,8.36,7304,4646,2281,2365,2658,1400,1005,276,729,395,147,62,85,248,116,132,1258,714,544,1369,5935,1400,14,0,0,0,0,0,14,0,0,14,7965,7304,661,1810,356,5138,388,14,90,13,79,0,77,2166,32,597,535,338,173,202,183,78,28,5138,577,2304,805,518,253,204,169,130,178,23807849.2333984,19917.3803327446
15,20,Congress Park,10235,828,8429,452,46,214,4,25,237,8.09,82.35,4.42,0.45,2.09,0.04,0.24,2.32,6208,5724,484,5110,5125,552,399,324,152,84,52,74,580,1494,1330,1076,844,656,654,643,245,332,160,172,133,101,96,82,951,560,2200,2406,1500,1297,909,234,178,1427,744,13.94,7.27,5724,2895,1391,1504,2829,1940,1495,629,866,445,145,70,75,300,174,126,889,474,415,995,4729,1940,83,40,40,0,0,0,43,0,0,43,6208,5724,484,1993,433,3298,263,13,85,13,30,0,80,2426,28,413,620,485,261,269,222,91,37,3298,359,1382,612,385,173,159,133,70,25,28693595.5063477,21415.6010928247
16,18,Cole,4651,2847,911,752,20,21,4,17,79,61.21,19.59,16.17,0.43,0.45,0.09,0.37,1.7,1789,1595,194,2382,2269,433,391,360,212,134,64,59,243,470,420,410,314,263,218,170,66,73,51,59,78,78,55,30,824,706,836,830,577,388,249,156,85,1396,351,30.02,7.55,1595,462,226,236,1133,938,522,295,227,416,121,61,60,295,166,129,195,117,78,318,1277,938,13,0,0,0,0,0,13,0,0,13,1789,1595,194,607,148,840,53,1,45,10,3,0,82,755,8,179,182,126,60,41,72,69,18,840,86,216,208,139,40,37,68,37,9,14276680.1992188,14883.861112347
17,62,Sunnyside,9726,5768,3321,286,104,94,3,29,121,59.3,34.15,2.94,1.07,0.97,0.03,0.3,1.24,4053,3781,272,4862,4864,799,661,552,351,205,125,94,385,1007,1013,845,631,596,591,514,187,229,118,138,238,163,143,141,1460,1108,1611,1858,1227,1105,672,401,284,2363,941,24.3,9.68,3781,1092,514,578,2689,2222,1331,568,763,891,209,89,120,682,363,319,467,253,214,688,3093,2222,79,66,66,0,0,0,13,0,0,13,4053,3781,272,1806,361,1614,63,11,98,14,7,0,79,2167,20,479,495,352,198,177,224,140,82,1614,141,472,278,288,126,94,117,74,24,39694347.9311523,25642.4768990395
18,54,Ruby Hill,9820,6797,2052,235,88,567,4,22,55,69.22,20.9,2.39,0.9,5.77,0.04,0.22,0.56,3540,3324,216,4915,4905,887,808,703,467,283,115,136,396,757,710,692,597,594,580,501,180,296,131,223,270,195,163,136,1695,1453,1404,1402,1191,1081,830,465,299,2865,1118,29.18,11.38,3324,984,457,527,2340,2146,1358,687,671,788,256,108,148,532,294,238,194,115,79,462,2862,2146,0,0,0,0,0,0,0,0,0,0,3540,3324,216,1315,374,1635,93,2,50,11,4,0,56,1689,28,261,292,335,173,164,208,157,71,1635,91,330,294,294,147,128,223,100,28,40476628.0585938,27363.1234252097
19,64,University,9375,627,7796,162,46,521,4,18,201,6.69,83.16,1.73,0.49,5.56,0.04,0.19,2.14,3969,3759,210,4755,4620,331,231,170,94,1491,711,556,1191,1178,657,511,374,331,365,371,128,166,70,87,92,72,88,110,562,1755,3636,1168,705,736,451,164,198,826,519,8.81,5.54,3759,1607,850,757,2152,1218,952,371,581,266,109,40,69,157,69,88,934,478,456,1009,2750,1218,2121,0,0,0,0,0,2121,2121,0,0,3969,3759,210,1225,391,2143,122,3,36,10,7,0,32,1616,54,281,327,312,178,157,133,95,79,2143,833,747,221,159,72,41,41,19,10,34741639.5097656,27982.5662920887
20,30,Goldsmith,5808,1613,3043,738,42,204,6,13,149,27.77,52.39,12.71,0.72,3.51,0.1,0.22,2.57,2978,2762,216,2956,2852,395,323,229,113,195,100,98,360,552,431,384,342,378,365,312,101,158,86,98,158,189,184,257,718,537,1110,815,720,677,443,347,441,1060,972,18.25,16.74,2762,1288,680,608,1474,1176,737,313,424,439,150,56,94,289,175,114,298,193,105,398,2364,1176,304,304,0,0,304,0,0,0,0,0,2978,2762,216,511,287,1964,153,7,24,4,10,0,18,798,8,61,102,156,87,69,148,123,44,1964,330,493,350,344,140,97,70,85,55,21562449.6176758,34328.5017695875
21,69,Virginia Village,12844,2488,8453,1007,82,437,5,28,344,19.37,65.81,7.84,0.64,3.4,0.04,0.22,2.68,6591,6056,535,6487,6357,863,709,550,299,234,130,159,661,1380,1190,920,908,848,890,840,291,361,169,245,313,280,332,272,1572,1083,2330,2110,1756,1730,1066,593,604,2421,1611,18.85,12.54,6056,2511,1301,1210,3545,2860,2004,812,1192,856,261,105,156,595,324,271,685,401,284,908,5148,2860,275,262,0,0,262,0,13,5,0,8,6591,6056,535,2078,774,3204,420,12,42,4,16,0,41,2852,23,411,514,540,319,288,318,312,127,3204,413,971,628,538,210,145,165,86,48,54155704.9423828,39803.109263995
22,23,DIA,1165,234,504,333,6,38,2,5,43,20.09,43.26,28.58,0.52,3.26,0.17,0.43,3.69,547,509,38,520,645,128,82,67,33,17,9,14,52,210,160,106,94,65,38,42,15,6,10,5,3,6,2,1,210,117,285,266,159,80,36,9,3,310,27,26.61,2.32,509,156,62,94,353,296,173,83,90,123,21,13,8,102,72,30,57,25,32,81,428,296,0,0,0,0,0,0,0,0,0,0,547,509,38,378,13,118,10,0,18,2,3,0,5,391,22,165,102,54,22,10,12,3,1,118,6,51,38,15,3,4,0,1,0,1171437584.41895,198652.262709944
23,65,University Hills,5327,540,4376,153,19,110,3,10,116,10.14,82.15,2.87,0.36,2.06,0.06,0.19,2.18,2644,2509,135,2605,2722,325,235,228,137,55,43,45,179,534,483,427,387,381,403,375,112,167,73,93,143,123,145,234,560,420,801,910,768,778,445,266,379,925,811,17.36,15.22,2509,927,369,558,1582,1251,937,359,578,314,119,65,54,195,76,119,331,193,138,431,2078,1251,62,59,0,0,59,0,3,0,0,3,2644,2509,135,1268,391,850,33,8,44,4,7,0,39,1659,13,248,299,372,190,142,181,134,80,850,59,245,168,123,47,44,28,56,80,40462891.4477539,38231.6669216214
24,43,Mar Lee,12452,8571,3015,176,81,449,6,23,131,68.83,24.21,1.41,0.65,3.61,0.05,0.18,1.05,4198,3973,225,6291,6161,1115,1100,900,570,366,183,160,519,1054,974,928,775,765,768,589,198,266,171,199,252,208,226,166,2215,1836,1916,1902,1540,1357,834,460,392,3685,1222,29.59,9.81,3973,929,454,475,3044,2771,1792,945,847,979,299,126,173,680,362,318,273,172,101,634,3339,2771,159,154,0,0,154,0,5,0,0,5,4198,3973,225,1936,539,1498,83,3,59,15,3,0,62,2475,65,366,419,550,243,201,289,242,100,1498,125,480,378,261,93,58,64,32,7,42024929.4189453,26475.1059812822
25,76,Westwood,15486,12492,1764,256,148,674,3,41,108,80.67,11.39,1.65,0.96,4.35,0.02,0.26,0.7,4717,4340,377,7928,7558,1733,1732,1417,796,498,234,242,678,1199,1186,1213,989,835,664,577,185,249,166,192,303,177,127,94,3465,2711,2353,2399,1824,1241,792,480,221,5678,1059,36.67,6.84,4340,776,437,339,3564,3306,1997,1266,731,1309,377,165,212,932,622,310,258,165,93,706,3634,3306,26,0,0,0,0,0,26,0,0,26,4717,4340,377,1437,464,2439,141,9,69,8,5,0,145,1901,50,258,401,405,194,154,239,145,55,2439,232,686,687,376,134,107,144,63,10,41725283.1196289,26483.3359180517
26,72,Washington Virginia Vale,13030,1770,8003,1943,57,858,14,37,348,13.58,61.42,14.91,0.44,6.58,0.11,0.28,2.67,7154,6646,508,6273,6757,815,643,489,305,241,198,177,720,1471,1177,973,762,799,812,761,289,402,216,270,455,387,335,333,1458,1035,2566,2150,1561,1573,1177,842,668,2252,1996,17.28,15.32,6646,3102,1427,1675,3544,2808,1849,701,1148,959,265,104,161,694,387,307,736,407,329,917,5729,2808,160,150,0,0,150,0,10,0,0,10,7154,6646,508,1914,673,4059,323,13,61,11,36,2,62,2587,24,299,426,507,286,300,361,278,106,4059,516,1222,700,564,221,199,282,229,126,50986047.0585938,41286.4816588963
27,68,Villa Park,8758,6829,1489,163,124,67,3,17,66,77.97,17,1.86,1.42,0.77,0.03,0.19,0.75,3066,2819,247,4528,4230,818,836,687,400,252,117,141,385,745,782,708,539,521,441,408,125,170,88,145,174,118,81,77,1654,1339,1388,1490,1060,849,528,292,158,2741,683,31.3,7.8,2819,743,367,376,2076,1834,1073,616,457,761,232,98,134,529,295,234,242,156,86,511,2308,1834,0,0,0,0,0,0,0,0,0,0,3066,2819,247,942,243,1634,132,11,40,14,3,0,47,1185,17,185,214,259,137,98,151,87,37,1634,117,434,376,296,123,103,128,46,11,27567126.8061523,26381.8298276949
28,31,Hale,6936,773,5132,451,30,336,4,19,191,11.14,73.99,6.5,0.43,4.84,0.06,0.27,2.75,4310,3884,426,3521,3415,431,240,188,128,47,52,42,295,815,808,675,600,483,516,534,214,241,102,129,101,93,83,119,671,363,1204,1483,1083,1050,686,194,202,987,627,14.23,9.04,3884,1999,984,1015,1885,1395,1017,410,607,378,110,52,58,268,158,110,490,287,203,583,3301,1395,71,46,0,0,46,0,25,0,0,25,4310,3884,426,1502,395,1987,274,2,57,10,27,0,56,1897,19,327,432,356,239,187,170,101,66,1987,170,674,422,311,157,133,75,31,14,27129100.8154297,20906.6895777098
29,48,North Park Hill,9382,1310,4087,3492,24,95,1,37,336,13.96,43.56,37.22,0.26,1.01,0.01,0.39,3.58,4038,3859,179,4421,4961,718,581,532,348,171,83,74,218,634,832,837,731,616,643,574,218,268,170,226,286,292,173,157,1299,1051,1009,1669,1347,1217,882,578,330,2179,1304,23.23,13.9,3859,1105,421,684,2754,2398,1585,677,908,813,170,79,91,643,262,381,356,191,165,505,3354,2398,0,0,0,0,0,0,0,0,0,0,4038,3859,179,2599,566,694,28,3,76,13,3,0,56,3165,12,453,697,561,305,280,421,324,112,694,33,197,154,160,40,40,44,20,6,41661870.4887695,28876.6088346134
30,57,South Park Hill,8590,762,6650,685,41,207,2,26,217,8.87,77.42,7.97,0.48,2.41,0.02,0.3,2.53,3635,3449,186,4105,4485,604,555,418,274,414,147,83,224,413,562,720,669,618,611,684,260,447,196,188,194,111,99,99,1159,1106,867,1282,1287,1295,1091,305,198,1851,887,21.55,10.33,3449,961,413,548,2488,2169,1799,789,1010,370,89,53,36,281,146,135,319,180,139,412,3037,2169,573,34,0,34,0,0,539,531,0,8,3635,3449,186,2177,575,697,41,1,58,11,10,0,65,2752,10,262,626,587,342,389,333,139,64,697,48,185,136,150,60,46,44,17,11,41553244.9160156,28857.0010845489
31,40,Kennedy,4464,1210,1587,747,20,686,3,6,205,27.11,35.55,16.73,0.45,15.37,0.07,0.13,4.59,2591,2261,330,2469,1995,391,239,123,69,102,81,134,445,915,596,374,271,185,226,139,53,48,20,16,18,8,8,3,630,294,1575,970,456,365,137,26,11,822,73,18.41,1.64,2261,1028,642,386,1233,871,518,285,233,353,162,65,97,191,126,65,362,218,144,465,1796,871,0,0,0,0,0,0,0,0,0,0,2591,2261,330,15,2,2244,300,5,6,1,2,0,16,17,3,10,2,1,0,1,0,0,0,2244,400,873,454,295,96,77,37,10,2,19575087.7832031,23549.2361221836
32,32,Hampden,17547,2505,11750,1963,64,726,20,38,481,14.28,66.96,11.19,0.36,4.14,0.11,0.22,2.74,9917,9320,597,8438,9109,965,783,611,395,359,219,227,942,1657,1251,1095,1038,1086,1307,1212,494,725,346,479,722,564,524,546,1748,1365,3045,2346,2124,2519,2044,1286,1070,2754,3181,15.69,18.13,9320,4397,1930,2467,4923,4105,2906,898,2008,1199,361,152,209,838,446,392,818,442,376,1105,8215,4105,0,0,0,0,0,0,0,0,0,0,9917,9320,597,3089,1426,4805,320,27,78,17,60,0,95,4515,35,351,540,884,521,551,797,607,229,4805,680,1363,791,700,304,253,285,200,229,78729410.4584961,62375.6578983979
33,3,Baker,4879,1664,2854,144,43,52,10,7,105,34.11,58.5,2.95,0.88,1.07,0.2,0.14,2.15,2697,2447,250,2565,2314,250,213,169,113,78,37,60,225,707,655,524,351,333,295,320,88,126,54,72,91,47,34,37,463,360,1029,1179,684,615,340,138,71,745,335,15.27,6.87,2447,1137,596,541,1310,833,551,221,330,282,85,40,45,197,88,109,477,269,208,564,1883,833,26,0,0,0,0,0,26,0,0,26,2697,2447,250,915,170,1362,105,5,46,8,12,0,74,1085,12,257,289,195,97,90,84,39,22,1362,121,486,235,231,113,64,82,23,7,41583761.3344727,32991.5434889119
34,70,Washington Park,6905,295,6356,28,9,119,3,13,82,4.27,92.05,0.41,0.13,1.72,0.04,0.19,1.19,3519,3307,212,3378,3527,500,338,241,120,57,17,18,218,678,601,562,540,497,495,564,273,345,138,170,161,129,116,127,838,418,931,1163,1037,1059,926,290,243,1199,841,17.36,12.18,3307,1171,511,660,2136,1695,1465,600,865,230,84,37,47,146,69,77,441,226,215,506,2801,1695,5,0,0,0,0,0,5,0,0,5,3519,3307,212,1865,729,713,24,6,52,25,62,0,43,2594,16,291,499,562,313,359,290,176,88,713,61,329,132,70,31,36,27,6,21,42112769.7739258,30834.6168373709
35,13,Cherry Creek,5589,332,4896,79,17,168,4,3,90,5.94,87.6,1.41,0.3,3.01,0.07,0.05,1.61,4163,3542,621,2488,3101,168,124,85,36,24,20,33,203,583,451,360,371,308,394,493,249,348,193,228,242,212,202,262,292,145,839,811,679,887,1018,454,464,413,1339,7.39,23.96,3542,2002,717,1285,1540,1194,977,169,808,217,55,26,29,162,73,89,346,187,159,388,3154,1194,0,0,0,0,0,0,0,0,0,0,4163,3542,621,1217,456,1869,235,7,122,20,180,0,57,1673,11,117,239,282,259,292,317,120,36,1869,113,521,261,211,79,92,161,224,207,23328243.1040039,20181.1335612968
36,22,Country Club,3001,94,2740,20,8,77,1,5,56,3.13,91.3,0.67,0.27,2.57,0.03,0.17,1.87,1364,1289,75,1443,1558,177,240,173,82,46,8,10,61,146,143,229,257,230,240,271,112,175,112,86,94,50,31,28,417,301,225,372,487,511,485,144,59,672,401,22.39,13.36,1289,342,113,229,947,822,722,300,422,100,29,19,10,71,47,24,125,73,52,147,1142,822,0,0,0,0,0,0,0,0,0,0,1364,1289,75,723,327,239,14,1,20,5,15,0,20,1050,0,58,209,228,150,152,183,52,18,239,14,90,55,34,14,17,9,4,2,18103922.237793,17113.1937738464
37,17,Clayton,4336,2126,699,1308,32,42,4,3,122,49.03,16.12,30.17,0.74,0.97,0.09,0.07,2.81,1619,1456,163,2173,2163,432,364,317,212,134,67,64,199,400,384,281,254,267,240,184,68,76,50,48,92,85,71,47,796,663,730,665,521,424,242,177,118,1325,393,30.56,9.06,1456,385,197,188,1071,914,451,253,198,463,116,57,59,347,190,157,157,79,78,265,1191,914,65,0,0,0,0,0,65,0,0,65,1619,1456,163,623,163,670,52,2,42,3,2,0,62,786,6,154,151,146,59,57,92,90,31,670,63,204,130,123,46,29,43,23,9,21486778.4316406,18648.7933144008
38,55,Skyland,3106,573,882,1498,17,20,1,12,103,18.45,28.4,48.23,0.55,0.64,0.03,0.39,3.32,1506,1381,125,1496,1610,186,160,160,96,60,20,21,90,288,327,247,212,198,225,183,69,66,46,67,95,111,85,94,346,316,419,574,410,408,248,206,179,602,498,19.38,16.03,1381,538,232,306,843,688,383,140,243,305,83,28,55,222,79,143,155,92,63,222,1159,688,25,0,0,0,0,0,25,0,0,25,1506,1381,125,690,160,531,46,2,22,6,0,0,49,850,4,171,179,125,65,59,83,97,67,531,17,106,76,104,54,36,68,58,12,21282577.5395508,18885.8212505407
39,15,City Park West,4844,524,2981,995,53,84,1,20,186,10.82,61.54,20.54,1.09,1.73,0.02,0.41,3.84,2821,2574,247,2388,2456,208,111,73,61,34,45,70,357,760,623,453,361,280,345,311,121,129,84,127,111,72,61,47,319,168,1232,1076,641,656,461,183,108,453,502,9.35,10.36,2574,1569,792,777,1005,588,352,110,242,236,62,26,36,174,97,77,417,208,209,468,2106,588,721,207,77,9,121,0,514,0,0,514,2821,2574,247,669,78,1827,155,3,28,6,11,0,44,747,14,234,202,106,50,52,61,14,14,1827,216,608,253,211,133,107,190,84,25,14688771.6821289,15694.4115803808
40,9,Capitol Hill,14708,1654,11554,649,99,333,9,28,382,11.25,78.56,4.41,0.67,2.26,0.06,0.19,2.6,11757,10856,901,8331,6377,190,112,71,35,154,212,278,1729,3740,2161,1316,854,833,764,765,265,358,159,205,229,127,92,59,302,260,5959,3477,1687,1529,987,356,151,408,871,2.77,5.92,10856,7796,4530,3266,3060,1201,830,145,685,371,159,49,110,212,84,128,1859,1034,825,1941,8915,1201,195,13,0,0,13,0,182,0,0,182,11757,10856,901,1861,347,8648,579,35,89,24,103,0,71,2208,66,628,494,339,186,180,200,92,23,8648,1536,3761,1220,896,457,347,294,107,30,18857522.9155273,17446.2262617439
41,47,North Capitol Hill,5823,650,4283,536,41,148,3,8,154,11.16,73.55,9.2,0.7,2.54,0.05,0.14,2.64,4213,3851,362,3415,2408,91,53,23,27,75,100,100,696,1463,804,435,307,309,339,307,113,158,66,102,117,68,42,28,144,125,2359,1239,616,646,439,185,70,194,423,3.33,7.26,3851,2702,1619,1083,1149,461,331,37,294,130,46,14,32,84,41,43,688,382,306,717,3134,461,601,73,0,0,73,0,528,0,0,528,4213,3851,362,558,48,3245,258,12,22,8,52,0,10,606,18,225,159,88,38,41,28,7,2,3245,550,1368,387,325,169,157,181,86,22,9829084.36865234,12487.5948488152
42,16,Civic Center,1577,151,1230,81,10,60,0,0,45,9.58,78,5.14,0.63,3.8,0,0,2.85,1345,1140,205,886,691,23,8,6,7,14,12,16,106,338,231,125,121,123,101,124,44,71,26,25,27,15,11,3,31,27,472,356,244,225,166,42,14,44,107,2.79,6.79,1140,744,453,291,396,222,180,13,167,42,16,7,9,26,14,12,174,112,62,179,961,222,5,0,0,0,0,0,5,0,0,5,1345,1140,205,242,52,846,99,3,23,7,60,0,13,294,0,49,56,60,33,53,32,11,0,846,91,370,129,124,64,36,22,8,2,8472228.19140625,13890.0455716382
43,10,CBD,3648,355,2744,254,34,122,4,14,121,9.73,75.22,6.96,0.93,3.34,0.11,0.38,3.32,3257,2363,894,2016,1632,50,19,6,9,440,252,164,460,640,332,197,178,161,201,189,67,65,30,53,58,35,26,16,69,455,1516,529,339,390,215,93,42,84,218,2.3,5.98,2363,1767,1026,741,596,303,216,21,195,87,37,10,27,50,15,35,293,163,130,305,2058,303,536,0,0,0,0,0,536,432,0,104,3257,2363,894,309,78,1976,186,6,501,28,155,0,18,387,17,97,77,48,39,36,50,18,5,1976,638,619,215,216,117,68,63,30,10,12018056.0219727,13717.9626227756
44,63,Union Station,4348,290,3537,94,16,327,1,2,81,6.67,81.35,2.16,0.37,7.52,0.02,0.05,1.86,3618,3070,548,2351,1997,77,16,13,9,29,28,37,253,762,578,386,266,244,284,300,105,218,106,152,199,144,84,58,93,51,1080,964,510,584,581,343,142,115,743,2.64,17.09,3070,1935,1096,839,1135,751,665,65,600,86,39,12,27,47,14,33,384,229,155,393,2677,751,2,0,0,0,0,0,2,0,0,2,3618,3070,548,965,262,1843,170,20,51,4,284,0,19,1227,34,303,229,187,132,128,142,60,12,1843,175,653,255,204,96,97,195,127,41,12230779.2675781,14577.4684761327
45,26,Five Points,12712,2863,7240,1936,103,219,12,20,319,22.52,56.95,15.23,0.81,1.72,0.09,0.16,2.51,7147,6406,741,7440,5272,578,397,280,191,169,126,167,1331,2643,1525,1086,909,805,773,672,184,231,117,137,141,117,71,62,975,640,4267,2611,1714,1445,669,258,133,1446,645,11.38,5.07,6406,3347,1981,1366,3059,1711,912,280,632,799,212,80,132,587,358,229,1348,845,503,1503,4903,1711,1465,79,0,0,79,0,1386,0,0,1386,7147,6406,741,1571,203,4632,302,8,237,19,63,0,112,1774,43,570,485,273,115,103,107,57,21,4632,834,1992,679,479,199,154,175,91,29,49242204.5107422,33172.4649662105
46,60,Stapleton,13948,1812,9718,1395,80,515,7,31,390,12.99,69.67,10,0.57,3.69,0.05,0.22,2.8,4338,4092,246,7308,6640,1720,1240,419,137,124,83,109,505,1324,1863,2211,1603,940,549,426,129,187,77,100,93,45,38,26,2960,680,2021,4074,2543,975,493,138,64,3516,379,25.21,2.72,4092,981,394,587,3111,2759,2341,1605,736,418,108,86,22,310,234,76,352,208,144,462,3630,2759,3275,3273,3273,0,0,0,2,0,0,2,4338,4092,246,3031,146,915,68,7,85,24,44,0,18,3177,21,798,1421,487,160,157,101,26,6,915,61,281,269,110,52,42,58,28,14,250434911.932617,95885.7159330647
47,36,Highland,8429,3140,4840,161,54,115,10,7,102,37.25,57.42,1.91,0.64,1.36,0.12,0.08,1.21,4683,4131,552,4309,4120,512,354,274,156,122,72,70,489,1326,1190,858,618,478,421,387,128,180,100,105,124,133,135,197,866,552,1957,2048,1096,808,513,257,332,1296,794,15.38,9.42,4131,1843,902,941,2288,1495,1011,400,611,484,141,57,84,343,169,174,793,463,330,942,3189,1495,149,123,0,0,123,0,26,0,0,26,4683,4131,552,1574,272,2285,212,22,115,12,33,0,158,1846,22,507,533,290,133,117,114,87,43,2285,230,926,412,256,91,70,80,91,129,32140439.6728516,23553.9570428761
48,29,Globeville,3687,2501,950,112,36,27,5,6,50,67.83,25.77,3.04,0.98,0.73,0.14,0.16,1.36,1157,1040,117,2027,1660,328,267,254,142,306,142,90,218,309,217,233,215,227,215,157,63,74,36,39,62,43,30,20,595,702,759,450,442,372,212,105,50,991,230,26.88,6.24,1040,292,182,110,748,670,360,193,167,310,112,55,57,198,117,81,78,57,21,185,855,670,559,0,0,0,0,0,559,431,0,128,1157,1040,117,316,149,575,40,3,22,7,3,0,42,465,11,53,85,93,60,53,69,30,11,575,59,152,134,133,38,22,24,9,4,57425781.1992188,42152.1173262281
49,66,University Park,7491,484,6253,158,12,419,4,12,149,6.46,83.47,2.11,0.16,5.59,0.05,0.16,1.99,4025,3663,362,3708,3783,361,322,293,159,158,281,371,784,887,455,415,396,401,481,462,186,218,89,101,134,113,153,271,683,610,2323,870,797,943,594,247,424,1135,861,15.15,11.49,3663,1609,735,874,2054,1408,1123,493,630,285,97,35,62,188,94,94,646,325,321,702,2961,1408,184,0,0,0,0,0,184,171,0,13,4025,3663,362,1076,431,2156,210,2,61,14,30,0,45,1507,30,131,260,350,208,191,149,111,77,2156,629,651,220,171,87,89,70,84,155,32409535.277832,22577.1527724402
50,21,Cory - Merrill,3892,238,3440,38,6,104,1,9,56,6.12,88.39,0.98,0.15,2.67,0.03,0.23,1.44,1862,1771,91,1927,1965,334,242,132,55,26,24,17,122,352,365,382,327,262,264,272,104,131,45,82,107,76,86,85,576,213,515,747,589,536,362,183,171,763,481,19.6,12.36,1771,612,255,357,1159,959,773,350,423,186,57,21,36,129,60,69,200,109,91,236,1535,959,94,0,0,0,0,0,94,58,0,36,1862,1771,91,1001,385,385,15,0,32,7,12,0,25,1386,7,156,325,278,156,148,147,104,65,385,35,153,81,51,24,18,10,7,6,23391660.3349609,19901.6153183243
51,71,Washington Park West,6393,444,5626,69,28,85,0,11,130,6.95,88,1.08,0.44,1.33,0,0.17,2.03,3591,3365,226,3258,3135,369,199,155,84,42,39,37,335,1044,868,722,513,387,405,424,166,172,101,86,74,82,49,40,568,281,1455,1590,900,829,525,156,89,807,432,12.62,6.76,3365,1430,703,727,1935,1291,1065,382,683,226,81,32,49,145,64,81,644,386,258,705,2660,1291,10,0,0,0,0,0,10,0,0,10,3591,3365,226,1636,341,1388,66,7,64,7,12,0,70,1977,16,395,534,369,217,182,151,82,31,1388,161,643,264,150,68,52,28,17,5,24327692.0854492,22033.0448817199
52,39,Jefferson Park,2552,1419,991,37,23,39,0,4,39,55.6,38.83,1.45,0.9,1.53,0,0.16,1.53,1358,1182,176,1419,1133,189,144,106,66,56,31,45,181,434,376,238,155,145,110,104,42,35,16,15,23,18,10,13,333,228,691,614,300,214,108,41,23,505,95,19.79,3.72,1182,492,300,192,690,476,252,123,129,224,86,38,48,138,89,49,214,135,79,297,885,476,0,0,0,0,0,0,0,0,0,0,1358,1182,176,339,39,804,61,1,72,1,3,0,38,378,10,143,89,44,29,18,25,11,9,804,110,320,158,118,39,33,15,9,2,13715106.6196289,17949.0265523076
53,67,Valverde,3941,3050,593,124,47,78,5,5,39,77.39,15.05,3.15,1.19,1.98,0.13,0.13,0.99,1245,1180,65,1925,2016,438,390,315,187,131,54,60,183,334,293,283,246,253,185,179,47,75,37,60,82,46,33,30,828,633,631,576,499,364,219,128,63,1330,288,33.75,7.31,1180,233,124,109,947,854,455,267,188,399,105,51,54,294,157,137,93,58,35,215,965,854,0,0,0,0,0,0,0,0,0,0,1245,1180,65,435,97,648,20,1,22,5,2,0,15,532,18,71,127,104,58,43,58,40,13,648,56,173,142,110,47,39,58,13,10,26766089.2915039,22063.81731048
54,1,Athmar Park,8898,6499,1832,102,67,314,8,14,62,73.04,20.59,1.15,0.75,3.53,0.09,0.16,0.7,2960,2781,179,4597,4301,848,748,651,402,287,121,135,354,774,735,752,596,527,470,423,127,217,100,109,169,122,112,119,1596,1340,1384,1487,1123,893,553,291,231,2649,731,29.77,8.22,2781,570,296,274,2211,1964,1278,708,570,686,235,105,130,451,247,204,247,154,93,516,2265,1964,5,5,0,0,5,0,0,0,0,0,2960,2781,179,1336,404,1041,65,4,50,6,9,0,45,1740,23,246,392,348,168,153,189,137,84,1041,96,336,276,178,59,41,30,18,7,43089152.6225586,27352.2864097142
55,11,Chaffee Park,3874,2548,1194,36,34,22,0,9,31,65.77,30.82,0.93,0.88,0.57,0,0.23,0.8,1497,1416,81,1932,1942,253,252,247,138,93,47,49,147,338,337,285,272,256,238,234,90,105,54,92,94,79,81,93,505,478,581,622,528,472,341,173,174,890,493,22.97,12.73,1416,422,189,233,994,858,558,228,330,300,91,39,52,209,99,110,136,80,56,228,1188,858,149,125,0,0,125,0,24,0,0,24,1497,1416,81,857,185,374,8,1,37,6,6,0,23,1042,24,198,204,203,105,85,120,73,30,374,18,100,71,55,29,30,26,22,23,21916868.3261719,23530.8274546372
56,34,Harvey Park,11525,6698,4071,70,98,416,11,34,127,58.12,35.32,0.61,0.85,3.61,0.1,0.3,1.1,4239,3990,249,5738,5787,982,915,791,474,328,144,151,502,930,950,790,716,770,765,613,204,249,142,177,246,241,275,170,1897,1593,1727,1740,1486,1378,772,487,445,3162,1251,27.44,10.85,3990,923,449,474,3067,2772,1838,867,971,934,314,161,153,620,314,306,295,154,141,602,3388,2772,19,0,0,0,0,0,19,0,0,19,4239,3990,249,2013,664,1313,103,4,61,10,7,0,64,2677,41,409,439,559,285,218,277,322,127,1313,146,377,307,272,79,45,55,27,5,46992484.703125,32207.9151338808
57,4,Barnum,6111,4808,1101,47,44,51,0,17,43,78.68,18.02,0.77,0.72,0.83,0,0.28,0.7,1915,1782,133,3144,2967,585,612,512,306,202,112,99,243,497,494,503,423,380,303,260,97,123,44,67,101,61,33,54,1197,1020,951,997,803,563,331,162,87,2015,360,32.97,5.89,1782,342,187,155,1440,1289,759,460,299,530,170,70,100,360,193,167,151,101,50,354,1428,1289,0,0,0,0,0,0,0,0,0,0,1915,1782,133,821,181,780,39,2,47,1,1,0,43,1002,17,172,220,214,105,95,97,48,34,780,54,225,220,140,55,36,31,15,4,21507882.5605469,18715.2197831493
58,77,Whittier,4831,1191,2015,1380,22,49,1,11,162,24.65,41.71,28.57,0.46,1.01,0.02,0.23,3.35,2150,1993,157,2380,2451,435,271,240,173,107,54,47,239,572,567,483,352,251,243,258,82,119,42,60,67,54,63,52,706,520,912,1050,603,501,303,121,115,1119,338,23.16,7,1993,635,302,333,1358,1008,581,281,300,427,88,32,56,339,174,165,350,199,151,467,1526,1008,50,50,0,50,0,0,0,0,0,0,2150,1993,157,996,149,848,47,0,33,5,2,0,70,1145,11,294,305,171,96,84,85,68,31,848,102,277,156,117,71,47,37,30,11,15698881.3305664,15874.2659741759
59,45,Montbello,30348,17855,2478,8605,89,508,48,43,722,58.83,8.17,28.35,0.29,1.67,0.16,0.14,2.38,8516,7942,574,15111,15237,3096,3356,2987,1698,1001,417,422,1260,2243,2399,2290,1938,1662,1514,1210,415,532,288,433,525,388,165,109,6452,5686,4342,4689,3600,2724,1668,913,274,11137,1908,36.7,6.29,7942,1201,608,593,6741,6399,4103,2501,1602,2296,659,295,364,1637,978,659,342,208,134,1279,6663,6399,17,3,0,0,3,0,14,0,0,14,8516,7942,574,4520,537,2885,247,16,140,21,5,0,145,5057,131,722,1197,1173,501,449,582,266,36,2885,218,945,794,457,141,111,133,72,14,141118731.971191,49232.508909285
60,44,Marston,11132,1981,8201,103,33,591,4,9,210,17.8,73.67,0.93,0.3,5.31,0.04,0.08,1.89,5462,5206,256,5289,5843,700,662,587,317,206,148,164,612,1054,935,836,782,748,798,802,262,325,175,224,286,227,160,122,1362,1110,1978,1771,1530,1600,986,513,282,2266,1194,20.36,10.73,5206,1892,765,1127,3314,2821,2088,850,1238,733,220,123,97,513,259,254,493,249,244,633,4573,2821,0,0,0,0,0,0,0,0,0,0,5462,5206,256,2828,489,1889,100,9,65,14,35,0,33,3317,47,502,653,741,383,315,382,226,68,1889,350,606,309,268,137,76,82,46,15,88365214.7075195,76905.2793961314
61,27,Fort Logan,8532,2340,5413,157,51,435,9,16,111,27.43,63.44,1.84,0.6,5.1,0.11,0.19,1.3,3459,3314,145,4189,4343,490,490,521,295,194,76,101,314,559,498,542,531,604,647,623,203,316,166,218,347,293,260,244,980,1010,1050,1040,1135,1270,903,640,504,1796,1528,21.05,17.91,3314,892,394,498,2422,2238,1677,547,1130,561,158,88,70,403,231,172,184,104,80,340,2974,2238,481,350,117,13,169,51,131,0,0,131,3459,3314,145,1774,665,875,41,4,39,7,23,0,31,2439,30,221,346,511,307,246,373,305,100,875,67,215,178,157,59,51,58,44,46,73992434.1455078,51921.5267155926
62,6,Bear Valley,8889,3543,4673,129,63,335,9,17,120,39.86,52.57,1.45,0.71,3.77,0.1,0.19,1.35,3819,3652,167,4396,4493,679,538,502,317,235,149,165,491,741,594,518,509,608,612,539,178,226,150,178,282,287,219,172,1217,1054,1546,1112,1117,1151,732,569,391,2036,1288,22.9,14.49,3652,1086,517,569,2566,2285,1610,621,989,675,204,107,97,471,278,193,281,153,128,511,3141,2285,0,0,0,0,0,0,0,0,0,0,3819,3652,167,1384,633,1635,68,4,36,4,16,0,39,2017,13,128,285,426,229,187,316,317,116,1635,290,528,299,272,94,50,70,25,7,37695572.3994141,35108.4932267222
63,19,College View / South Platte,6498,4408,1228,165,78,515,12,18,74,67.84,18.9,2.54,1.2,7.93,0.18,0.28,1.14,2241,2038,203,3459,3039,625,589,516,307,189,106,98,306,505,506,530,463,435,385,291,100,132,68,92,113,55,46,41,1214,1012,1015,1036,898,676,392,168,87,2037,415,31.35,6.39,2038,454,279,175,1584,1395,808,463,345,587,207,87,120,380,229,151,189,136,53,410,1628,1395,15,0,0,0,0,0,15,0,0,15,2241,2038,203,661,200,1177,129,2,24,4,4,0,40,861,25,106,182,214,85,82,101,47,19,1177,94,302,318,246,73,55,66,19,4,40599536.4951172,47142.1571695601
64,33,Hampden South,14370,1609,10409,1322,44,572,7,36,371,11.2,72.44,9.2,0.31,3.98,0.05,0.25,2.58,7787,7243,544,6974,7396,927,782,600,330,189,91,123,741,1460,1125,1035,901,878,967,962,371,536,283,397,535,509,366,262,1709,1119,2415,2160,1779,1929,1587,1044,628,2639,2352,18.36,16.37,7243,3168,1404,1764,4075,3481,2633,916,1717,848,250,113,137,598,329,269,594,330,264,761,6482,3481,10,0,0,0,0,0,10,0,0,10,7787,7243,544,2865,1192,3186,223,12,146,11,80,0,72,4057,32,412,621,775,425,453,670,526,143,3186,441,1149,556,387,198,146,150,91,68,81168938.8032227,38297.5047504302
65,49,Northeast Park Hill,7822,2370,1058,3969,56,75,0,18,276,30.3,13.53,50.74,0.72,0.96,0,0.23,3.53,3013,2723,290,3736,4086,628,668,518,384,201,123,70,307,661,633,534,477,525,516,402,125,155,104,154,243,190,117,87,1296,1103,1161,1167,1002,918,538,433,204,2198,895,28.1,11.44,2723,819,340,479,1904,1692,792,384,408,900,160,61,99,740,388,352,212,119,93,395,2328,1692,467,172,121,0,51,0,295,0,0,295,3013,2723,290,1019,260,1444,126,3,54,5,4,0,98,1279,22,231,212,200,119,91,203,160,41,1444,87,319,298,307,134,87,135,58,19,92850328.5473633,41938.7357936879
66,25,Elyria Swansea,6401,5367,564,357,34,20,0,17,42,83.85,8.81,5.58,0.53,0.31,0,0.27,0.66,1844,1695,149,3280,3121,743,700,559,320,213,85,95,315,489,479,439,384,383,299,274,81,100,59,86,103,87,62,46,1443,1092,984,918,767,573,326,190,108,2322,443,36.28,6.92,1695,286,173,113,1409,1305,810,499,311,495,169,70,99,326,196,130,104,72,32,289,1406,1305,39,39,39,0,0,0,0,0,0,0,1844,1695,149,601,212,882,46,3,23,12,2,0,63,813,16,93,147,173,103,70,104,83,24,882,74,250,240,171,52,27,39,22,7,72332228.0488281,35030.3984609993
67,50,Overland,2218,678,1337,75,17,47,3,7,54,30.57,60.28,3.38,0.77,2.12,0.14,0.32,2.43,1289,1044,245,1195,1023,132,90,73,56,77,28,33,174,310,252,162,141,138,161,132,37,55,37,36,38,23,23,10,222,206,545,414,279,293,165,61,33,351,167,15.83,7.53,1044,434,252,182,610,409,240,88,152,169,71,29,42,98,40,58,201,117,84,255,789,409,41,0,0,0,0,0,41,0,0,41,1289,1044,245,364,86,594,186,5,25,7,0,0,22,450,11,75,87,92,56,41,55,26,7,594,96,216,100,91,35,21,24,10,1,31304794.3173828,27691.7140133586
68,12,Cheesman Park,7971,715,6548,342,45,152,5,17,147,8.97,82.15,4.29,0.56,1.91,0.06,0.21,1.84,5834,5343,491,4116,3855,210,128,104,68,40,38,78,574,1503,1035,717,535,515,476,473,211,314,150,176,200,153,143,130,338,212,2193,1752,1050,949,851,353,273,510,952,6.4,11.94,5343,3397,1721,1676,1946,1000,697,138,559,303,81,41,40,222,136,86,946,553,393,999,4344,1000,154,119,0,16,103,0,35,0,0,35,5834,5343,491,1182,355,3806,266,17,49,7,82,0,70,1537,20,279,274,274,157,188,208,108,29,3806,411,1476,660,468,211,210,185,129,56,14682846.4501953,15276.3436456415
69,37,Hilltop,8190,486,6895,403,17,226,2,13,148,5.93,84.19,4.92,0.21,2.76,0.02,0.16,1.81,3568,3383,185,3863,4327,510,661,568,277,97,37,38,158,311,353,515,588,583,630,748,251,361,185,222,263,243,241,350,1171,942,544,868,1171,1378,1019,506,591,2016,1504,24.62,18.36,3383,947,321,626,2436,2218,1885,847,1038,333,90,57,33,243,145,98,218,130,88,290,3093,2218,135,135,0,0,135,0,0,0,0,0,3568,3383,185,1656,782,945,42,6,50,17,29,0,41,2438,6,113,406,548,355,301,338,227,144,945,42,187,180,149,69,71,85,86,76,48042249.2197266,33930.119088521
70,41,Lincoln Park,6119,2507,2518,693,61,163,1,21,155,40.97,41.15,11.33,1,2.66,0.02,0.34,2.53,2903,2741,162,3126,2993,447,409,318,191,177,150,147,567,880,536,459,323,298,298,281,87,121,61,77,110,82,55,45,856,686,1744,995,621,579,346,192,100,1365,430,22.31,7.03,2741,1159,650,509,1582,1044,427,168,259,617,123,53,70,494,322,172,538,294,244,651,2090,1044,319,71,0,0,28,43,248,0,0,248,2903,2741,162,628,134,1979,82,3,20,3,18,0,36,762,30,222,184,108,72,51,56,26,13,1979,425,561,273,253,125,88,149,81,24,35576104.559082,25194.4615981441
71,2,Auraria,705,62,555,27,5,29,2,1,24,8.79,78.72,3.83,0.71,4.11,0.28,0.14,3.4,69,60,9,352,353,1,0,0,6,424,85,34,51,34,7,14,8,4,13,8,7,3,2,0,3,0,1,0,1,430,204,21,12,21,12,3,1,7,6,0.99,0.85,60,37,27,10,23,15,13,1,12,2,0,0,0,2,1,1,8,5,3,8,52,15,621,0,0,0,0,0,621,621,0,0,69,60,9,34,5,21,3,0,2,0,4,0,0,39,1,3,10,8,4,9,3,1,0,21,4,6,5,4,2,0,0,0,0,17995319.1381836,17704.8482534962
72,7,Belcaro,4172,179,3776,46,12,97,2,6,54,4.29,90.51,1.1,0.29,2.33,0.05,0.14,1.29,2444,2126,318,2009,2163,192,186,180,88,45,15,22,102,204,233,260,280,295,333,347,161,237,119,155,208,174,160,176,378,313,343,493,575,680,672,382,336,646,992,15.48,23.78,2126,824,327,497,1302,1162,1018,309,709,144,52,22,30,92,34,58,140,84,56,180,1946,1162,0,0,0,0,0,0,0,0,0,0,2444,2126,318,1048,643,435,83,2,102,26,80,0,25,1691,3,106,215,334,180,228,290,213,122,435,56,135,90,54,23,29,17,16,15,32480739.7880859,24881.038804815
73,78,Windsor,12589,2596,6904,2275,38,447,15,23,291,20.62,54.84,18.07,0.3,3.55,0.12,0.18,2.31,8210,7204,1006,5621,6968,687,545,389,198,161,121,139,648,1277,956,772,610,592,640,714,310,447,275,397,584,640,690,797,1232,748,2185,1728,1202,1354,1429,1224,1487,1819,3383,14.45,26.87,7204,3944,1415,2529,3260,2590,1678,481,1197,912,266,116,150,646,333,313,670,373,297,860,6344,2590,45,45,0,0,45,0,0,0,0,0,8210,7204,1006,1748,1462,3994,587,9,168,12,90,0,140,3210,17,123,186,275,271,370,672,818,478,3994,415,1192,727,546,241,193,260,246,174,47655074.309082,38058.0800884894
74,56,Sloan Lake,7238,2376,4274,124,82,254,1,10,117,32.83,59.05,1.71,1.13,3.51,0.01,0.14,1.62,3754,3499,255,3452,3786,546,328,281,169,93,50,38,249,647,896,716,522,442,426,440,160,218,92,143,217,195,180,190,874,543,984,1612,964,866,613,412,370,1324,1017,18.29,14.05,3499,1421,587,834,2078,1644,1161,434,727,483,133,51,82,350,193,157,434,240,194,547,2952,1644,32,0,0,0,0,0,32,0,0,32,3754,3499,255,1582,338,1579,92,17,67,9,8,0,62,1920,9,382,504,334,187,168,169,108,59,1579,93,415,253,166,104,89,168,185,106,39011057.2348633,26370.1943666597
75,8,Berkeley,8112,2214,5585,61,44,81,4,5,118,27.29,68.85,0.75,0.54,1,0.05,0.06,1.45,4322,4049,273,3884,4228,532,355,273,145,105,49,55,254,737,1070,862,663,510,513,546,198,221,132,141,179,176,162,234,887,523,1095,1932,1173,1059,692,355,396,1305,1024,16.09,12.62,4049,1668,709,959,2381,1843,1345,493,852,498,151,60,91,347,156,191,538,277,261,673,3376,1843,49,39,0,39,0,0,10,0,0,10,4322,4049,273,2130,459,1460,79,5,77,12,19,0,81,2589,13,511,667,482,259,208,206,156,87,1460,77,415,261,182,89,81,118,120,117,41763196.9824219,26780.906603255
76,52,Regis,3934,1192,2496,45,23,81,6,11,80,30.3,63.45,1.14,0.58,2.06,0.15,0.28,2.03,1686,1586,100,1884,2050,175,147,150,84,394,183,119,185,258,307,281,256,240,255,255,84,114,65,70,122,64,67,59,322,628,745,588,496,510,333,186,126,556,447,14.13,11.36,1586,610,288,322,976,788,550,170,380,238,79,29,50,159,76,83,188,87,101,256,1330,788,556,0,0,0,0,0,556,533,0,23,1686,1586,100,853,230,503,22,4,24,15,2,0,33,1083,13,154,215,226,126,108,123,77,41,503,78,110,85,70,24,29,72,27,8,28380019.4663086,28760.0000592655
77,61,Sun Valley,1448,780,111,376,18,122,0,0,41,53.87,7.67,25.97,1.24,8.43,0,0,2.83,474,451,23,580,868,339,211,137,95,55,24,33,78,102,68,61,62,41,29,36,9,17,5,13,13,10,6,4,550,287,237,129,103,65,44,23,10,782,51,54.01,3.52,451,63,29,34,388,381,64,48,16,317,25,13,12,292,262,30,7,2,5,37,414,381,39,39,0,39,0,0,0,0,0,0,474,451,23,10,9,432,4,7,1,0,2,0,9,19,1,1,5,5,3,1,1,2,0,432,115,118,78,41,22,22,23,9,4,17906709.1806641,21013.6955007868
78,73,Wellshire,3133,140,2861,20,2,69,0,4,37,4.47,91.32,0.64,0.06,2.2,0,0.13,1.18,1387,1331,56,1465,1668,178,224,202,106,39,6,9,53,115,148,197,218,218,262,252,115,143,63,83,118,120,126,138,402,347,183,345,436,514,404,238,264,710,648,22.66,20.68,1331,364,97,267,967,891,757,321,436,134,30,13,17,104,44,60,76,32,44,103,1228,891,17,0,0,0,0,0,17,0,0,17,1387,1331,56,711,463,157,4,0,20,4,10,0,18,1174,2,61,173,246,138,132,157,164,101,157,6,52,36,23,11,10,8,5,6,25886131.5493164,21790.450664192
